time_ms,signal_0,signal_1,signal_2,signal_3,signal_4,signal_5,signal_6,signal_7,signal_8,signal_9
7641,3727.912109375,0.0,2034.0,1923.0,1872.0,0.5209327936172485,0.5209327936172485,0.5209327936172485,4.001118183135986,0.0
7645,3727.912109375,0.0,2025.0,1921.0,1866.0,0.5209409594535828,0.5209409594535828,0.5209409594535828,4.002688884735107,0.0
7649,3727.912109375,0.0,2223.0,1870.0,1749.0,0.5209519267082214,0.5209519267082214,0.5209519267082214,4.0047831535339355,0.0
7653,3727.912109375,0.0,2434.0,1913.0,1929.0,0.5209628939628601,0.5209628939628601,0.5209628939628601,4.006877422332764,0.0
7657,3727.912109375,0.0,2430.0,2007.0,2049.0,0.520973801612854,0.520973801612854,0.520973801612854,4.008971691131592,0.0
7661,3727.912109375,0.0,2042.0,1924.0,1870.0,0.5209847688674927,0.5209847688674927,0.5209847688674927,4.01106595993042,0.0
7665,3727.912109375,0.0,2254.0,1872.0,1753.0,0.5209956765174866,0.5209956765174866,0.5209956765174866,4.013160228729248,0.0
7669,3727.912109375,0.0,2442.0,1989.0,2035.0,0.5210066437721252,0.5210066437721252,0.5210066437721252,4.015254497528076,0.0
7673,3727.912109375,0.0,2013.0,1922.0,1867.0,0.5210175514221191,0.5210175514221191,0.5210175514221191,4.017348766326904,0.0
7677,3727.912109375,0.0,2226.0,1870.0,1751.0,0.5210285186767578,0.5210285186767578,0.5210285186767578,4.019443035125732,0.0
7681,3727.912109375,0.0,2432.0,1916.0,1932.0,0.5210394263267517,0.5210394263267517,0.5210394263267517,4.0215373039245605,0.0
7685,3727.912109375,0.0,2440.0,2000.0,2042.0,0.5210503935813904,0.5210503935813904,0.5210503935813904,4.023631572723389,0.0
7689,3727.912109375,0.0,2036.0,1920.0,1868.0,0.5210613012313843,0.5210613012313843,0.5210613012313843,4.025725841522217,0.0
7693,3727.912109375,0.0,2230.0,1874.0,1753.0,0.521072268486023,0.521072268486023,0.521072268486023,4.027820110321045,0.0
7697,3727.912109375,0.0,2440.0,2000.0,2041.0,0.5210831761360168,0.5210831761360168,0.5210831761360168,4.029914379119873,0.0
7701,3727.912109375,0.0,2032.0,1920.0,1866.0,0.5210941433906555,0.5210941433906555,0.5210941433906555,4.032008647918701,0.0
7705,3727.912109375,0.0,2246.0,1872.0,1753.0,0.5211050510406494,0.5211050510406494,0.5211050510406494,4.034102916717529,0.0
7709,3727.912109375,0.0,2439.0,1913.0,1933.0,0.5211160182952881,0.5211160182952881,0.5211160182952881,4.036197185516357,0.0
7713,3727.912109375,0.0,2442.0,1998.0,2041.0,0.521126925945282,0.521126925945282,0.521126925945282,4.0382914543151855,0.0
7717,3727.912109375,0.0,2031.0,1918.0,1866.0,0.5211378931999207,0.5211378931999207,0.5211378931999207,4.040385723114014,0.0
7721,3727.912109375,0.0,2256.0,1872.0,1754.0,0.5211488008499146,0.5211488008499146,0.5211488008499146,4.042479991912842,0.0
7725,3727.912109375,0.0,2433.0,2015.0,2054.0,0.5211597681045532,0.5211597681045532,0.5211597681045532,4.04457426071167,0.0
7729,3727.912109375,0.0,2037.0,1919.0,1867.0,0.5211706757545471,0.5211706757545471,0.5211706757545471,4.046668529510498,0.0
7733,3727.912109375,0.0,2244.0,1868.0,1749.0,0.5211816430091858,0.5211816430091858,0.5211816430091858,4.048762798309326,0.0
7737,3727.912109375,0.0,2445.0,1915.0,1939.0,0.5211925506591797,0.5211925506591797,0.5211925506591797,4.050857067108154,0.0
7741,3727.912109375,0.0,2432.0,2002.0,2044.0,0.5212035179138184,0.5212035179138184,0.5212035179138184,4.052951335906982,0.0
7745,3727.912109375,0.0,2044.0,1922.0,1870.0,0.5212144255638123,0.5212144255638123,0.5212144255638123,4.0550456047058105,0.0
7749,3727.912109375,0.0,2248.0,1871.0,1753.0,0.5212253928184509,0.5212253928184509,0.5212253928184509,4.057139873504639,0.0
7753,3727.912109375,0.0,2428.0,2000.0,2045.0,0.5212363004684448,0.5212363004684448,0.5212363004684448,4.059234142303467,0.0
7757,3727.912109375,0.0,2034.0,1922.0,1869.0,0.5212472677230835,0.5212472677230835,0.5212472677230835,4.061328411102295,0.0
7761,3727.912109375,0.0,2243.0,1881.0,1757.0,0.5212581753730774,0.5212581753730774,0.5212581753730774,4.063422679901123,0.0
7765,3727.912109375,0.0,2441.0,1912.0,1934.0,0.5212691426277161,0.5212691426277161,0.5212691426277161,4.065516948699951,0.0
7769,3727.912109375,0.0,2440.0,2000.0,2042.0,0.52128005027771,0.52128005027771,0.52128005027771,4.067611217498779,0.0
7773,3727.912109375,0.0,2024.0,1938.0,1877.0,0.5212910175323486,0.5212910175323486,0.5212910175323486,4.069705486297607,0.0
7777,3727.912109375,0.0,2226.0,1873.0,1755.0,0.5213019251823425,0.5213019251823425,0.5213019251823425,4.0717997550964355,0.0
7781,3727.912109375,0.0,2435.0,2003.0,2045.0,0.5213128924369812,0.5213128924369812,0.5213128924369812,4.073894023895264,0.0
7785,3727.912109375,0.0,2018.0,1923.0,1869.0,0.5213238000869751,0.5213238000869751,0.5213238000869751,4.075988292694092,0.0
7789,3727.912109375,0.0,2214.0,1875.0,1753.0,0.5213347673416138,0.5213347673416138,0.5213347673416138,4.07808256149292,0.0
7793,3727.912109375,0.0,2454.0,1908.0,1930.0,0.5213457345962524,0.5213457345962524,0.5213457345962524,4.080176830291748,0.0
7797,3727.912109375,0.0,2440.0,2002.0,2045.0,0.5213566422462463,0.5213566422462463,0.5213566422462463,4.082271099090576,0.0
7801,3727.912109375,0.0,2022.0,1924.0,1872.0,0.5213675498962402,0.5213675498962402,0.5213675498962402,4.084365367889404,0.0
7805,3727.912109375,0.0,2429.0,1909.0,1926.0,0.5213785171508789,0.5213785171508789,0.5213785171508789,4.086459636688232,0.0
7809,3727.912109375,0.0,2446.0,1998.0,2043.0,0.5213894844055176,0.5213894844055176,0.5213894844055176,4.0885539054870605,0.0
7813,3727.912109375,0.0,2019.0,1916.0,1866.0,0.5214003920555115,0.5214003920555115,0.5214003920555115,4.090648174285889,0.0
7817,3727.912109375,0.0,2237.0,1870.0,1751.0,0.5214113593101501,0.5214113593101501,0.5214113593101501,4.092742443084717,0.0
7821,3727.912109375,0.0,2436.0,1911.0,1929.0,0.521422266960144,0.521422266960144,0.521422266960144,4.094836711883545,0.0
7825,3727.912109375,0.0,2436.0,1998.0,2045.0,0.5214332342147827,0.5214332342147827,0.5214332342147827,4.096930980682373,0.0
7829,3727.912109375,0.0,2027.0,1921.0,1868.0,0.5214441418647766,0.5214441418647766,0.5214441418647766,4.099025249481201,0.0
7833,3727.912109375,0.0,2444.0,1914.0,1933.0,0.5214551091194153,0.5214551091194153,0.5214551091194153,4.101119518280029,0.0
7837,3727.912109375,0.0,2438.0,2001.0,2044.0,0.5214660167694092,0.5214660167694092,0.5214660167694092,4.103213787078857,0.0
7841,3727.912109375,0.0,2018.0,1921.0,1867.0,0.5214769244194031,0.5214769244194031,0.5214769244194031,4.1053080558776855,0.0
7845,3727.912109375,0.0,2233.0,1874.0,1754.0,0.5214878916740417,0.5214878916740417,0.5214878916740417,4.107402324676514,0.0
7849,3727.912109375,0.0,2431.0,1916.0,1934.0,0.5214987993240356,0.5214987993240356,0.5214987993240356,4.109496593475342,0.0
7853,3727.912109375,0.0,2431.0,1999.0,2045.0,0.5215097665786743,0.5215097665786743,0.5215097665786743,4.11159086227417,0.0
7857,3727.912109375,0.0,2027.0,1908.0,1862.0,0.521520733833313,0.521520733833313,0.521520733833313,4.113685131072998,0.0
7861,3727.912109375,0.0,2440.0,1912.0,1930.0,0.5215316414833069,0.5215316414833069,0.5215316414833069,4.115779399871826,0.0
7865,3727.912109375,0.0,2444.0,1986.0,2034.0,0.5215426087379456,0.5215426087379456,0.5215426087379456,4.117873668670654,0.0
7869,3727.912109375,0.0,2030.0,1916.0,1868.0,0.5215535163879395,0.5215535163879395,0.5215535163879395,4.119967937469482,0.0
7873,3727.912109375,0.0,2222.0,1877.0,1756.0,0.5215644240379333,0.5215644240379333,0.5215644240379333,4.1220622062683105,0.0
7877,3727.912109375,0.0,2444.0,1910.0,1927.0,0.521575391292572,0.521575391292572,0.521575391292572,4.124156475067139,0.0
7881,3727.912109375,0.0,2446.0,2000.0,2040.0,0.5215862989425659,0.5215862989425659,0.5215862989425659,4.126250743865967,0.0
7885,3727.912109375,0.0,2031.0,1920.0,1868.0,0.5215972661972046,0.5215972661972046,0.5215972661972046,4.128345012664795,0.0
7889,3727.912109375,0.0,2436.0,1909.0,1926.0,0.5216081738471985,0.5216081738471985,0.5216081738471985,4.130439281463623,0.0
7893,3727.912109375,0.0,2439.0,1997.0,2043.0,0.5216191411018372,0.5216191411018372,0.5216191411018372,4.132533550262451,0.0
7897,3727.912109375,0.0,2021.0,1927.0,1874.0,0.521630048751831,0.521630048751831,0.521630048751831,4.134627819061279,0.0
7901,3727.912109375,0.0,2244.0,1874.0,1754.0,0.5216410160064697,0.5216410160064697,0.5216410160064697,4.136722087860107,0.0
7905,3727.912109375,0.0,2449.0,1920.0,1943.0,0.5216519236564636,0.5216519236564636,0.5216519236564636,4.1388163566589355,0.0
7909,3727.912109375,0.0,2430.0,2000.0,2043.0,0.5216628909111023,0.5216628909111023,0.5216628909111023,4.140910625457764,0.0
7913,3727.912109375,0.0,2030.0,1936.0,1878.0,0.5216737985610962,0.5216737985610962,0.5216737985610962,4.143004894256592,0.0
7917,3727.912109375,0.0,2437.0,1916.0,1933.0,0.5216847658157349,0.5216847658157349,0.5216847658157349,4.14509916305542,0.0
7921,3727.912109375,0.0,2438.0,1998.0,2044.0,0.5216956734657288,0.5216956734657288,0.5216956734657288,4.147193431854248,0.0
7925,3727.912109375,0.0,2016.0,1920.0,1868.0,0.5217066407203674,0.5217066407203674,0.5217066407203674,4.149287700653076,0.0
7929,3727.912109375,0.0,2237.0,1872.0,1751.0,0.5217175483703613,0.5217175483703613,0.5217175483703613,4.151381969451904,0.0
7933,3727.912109375,0.0,2434.0,1914.0,1930.0,0.521728515625,0.521728515625,0.521728515625,4.153476238250732,0.0
7937,3727.912109375,0.0,2434.0,1999.0,2043.0,0.5217394232749939,0.5217394232749939,0.5217394232749939,4.1555705070495605,0.0
7941,3727.912109375,0.0,2027.0,1910.0,1860.0,0.5217503905296326,0.5217503905296326,0.5217503905296326,4.157664775848389,0.0
7945,3727.912109375,0.0,2439.0,1913.0,1932.0,0.5217612981796265,0.5217612981796265,0.5217612981796265,4.159759044647217,0.0
7949,3727.912109375,0.0,2439.0,2001.0,2040.0,0.5217722654342651,0.5217722654342651,0.5217722654342651,4.161853313446045,0.0
7953,3727.912109375,0.0,2027.0,1920.0,1865.0,0.521783173084259,0.521783173084259,0.521783173084259,4.163947582244873,0.0
7957,3727.912109375,0.0,2248.0,1872.0,1752.0,0.5217941403388977,0.5217941403388977,0.5217941403388977,4.166041851043701,0.0
7961,3727.912109375,0.0,2431.0,1917.0,1934.0,0.5218050479888916,0.5218050479888916,0.5218050479888916,4.168136119842529,0.0
7965,3727.912109375,0.0,2436.0,1995.0,2041.0,0.5218160152435303,0.5218160152435303,0.5218160152435303,4.170230388641357,0.0
7969,3727.912109375,0.0,2222.0,1869.0,1750.0,0.5218269228935242,0.5218269228935242,0.5218269228935242,4.1723246574401855,0.0
7973,3727.912109375,0.0,2434.0,1912.0,1933.0,0.5218378901481628,0.5218378901481628,0.5218378901481628,4.174418926239014,0.0
7977,3727.912109375,0.0,2436.0,2000.0,2044.0,0.5218487977981567,0.5218487977981567,0.5218487977981567,4.176513195037842,0.0
7981,3727.912109375,0.0,2036.0,1916.0,1868.0,0.5218597650527954,0.5218597650527954,0.5218597650527954,4.17860746383667,0.0
7985,3727.912109375,0.0,2232.0,1870.0,1751.0,0.5218706727027893,0.5218706727027893,0.5218706727027893,4.180701732635498,0.0
7989,3727.912109375,0.0,2439.0,1912.0,1930.0,0.521881639957428,0.521881639957428,0.521881639957428,4.182796001434326,0.0
7993,3727.912109375,0.0,2438.0,2001.0,2045.0,0.5218925476074219,0.5218925476074219,0.5218925476074219,4.184890270233154,0.0
7997,3727.912109375,0.0,2221.0,1873.0,1753.0,0.5219035148620605,0.5219035148620605,0.5219035148620605,4.186984539031982,0.0
8001,3727.912109375,0.0,2440.0,1912.0,1933.0,0.5219144225120544,0.5219144225120544,0.5219144225120544,4.1890788078308105,0.0
8005,3727.912109375,0.0,2442.0,2001.0,2039.0,0.5219253897666931,0.5219253897666931,0.5219253897666931,4.191173076629639,0.0
8009,3727.912109375,0.0,2024.0,1921.0,1867.0,0.521936297416687,0.521936297416687,0.521936297416687,4.193267345428467,0.0
8013,3727.912109375,0.0,2236.0,1870.0,1751.0,0.5219472646713257,0.5219472646713257,0.5219472646713257,4.195361614227295,0.0
8017,3727.912109375,0.0,2438.0,1917.0,1938.0,0.5219581723213196,0.5219581723213196,0.5219581723213196,4.197455883026123,0.0
8021,3727.912109375,0.0,2433.0,2002.0,2042.0,0.5219690799713135,0.5219690799713135,0.5219690799713135,4.199550151824951,0.0
8025,3727.912109375,0.0,2229.0,1872.0,1750.0,0.5219800472259521,0.5219800472259521,0.5219800472259521,4.201644420623779,0.0
8029,3727.912109375,0.0,2438.0,1912.0,1930.0,0.521990954875946,0.521990954875946,0.521990954875946,4.203738689422607,0.0
8033,3727.912109375,0.0,2424.0,1998.0,2043.0,0.5220019221305847,0.5220019221305847,0.5220019221305847,4.2058329582214355,0.0
8037,3727.912109375,0.0,2036.0,1922.0,1869.0,0.5220128297805786,0.5220128297805786,0.5220128297805786,4.207927227020264,0.0
8041,3727.912109375,0.0,2234.0,1873.0,1753.0,0.5220237970352173,0.5220237970352173,0.5220237970352173,4.210021495819092,0.0
8045,3727.912109375,0.0,2440.0,1915.0,1937.0,0.5220347046852112,0.5220347046852112,0.5220347046852112,4.21211576461792,0.0
8049,3727.912109375,0.0,2437.0,2001.0,2043.0,0.5220456719398499,0.5220456719398499,0.5220456719398499,4.214210033416748,0.0
8053,3727.912109375,0.0,2238.0,1875.0,1758.0,0.5220565795898438,0.5220565795898438,0.5220565795898438,4.216304302215576,0.0
8057,3727.912109375,0.0,2435.0,1913.0,1933.0,0.5220675468444824,0.5220675468444824,0.5220675468444824,4.218398571014404,0.0
8061,3727.912109375,0.0,2437.0,2017.0,2053.0,0.5220784544944763,0.5220784544944763,0.5220784544944763,4.220492839813232,0.0
8065,3727.912109375,0.0,2023.0,1921.0,1867.0,0.522089421749115,0.522089421749115,0.522089421749115,4.2225871086120605,0.0
8069,3727.912109375,0.0,2232.0,1873.0,1751.0,0.5221003293991089,0.5221003293991089,0.5221003293991089,4.224681377410889,0.0
8073,3727.912109375,0.0,2438.0,1910.0,1932.0,0.5221112966537476,0.5221112966537476,0.5221112966537476,4.226775646209717,0.0
8077,3727.912109375,0.0,2434.0,1997.0,2042.0,0.5221222043037415,0.5221222043037415,0.5221222043037415,4.228869915008545,0.0
8081,3727.912109375,0.0,2238.0,1873.0,1752.0,0.5221331715583801,0.5221331715583801,0.5221331715583801,4.230964183807373,0.0
8085,3727.912109375,0.0,2442.0,1914.0,1938.0,0.522144079208374,0.522144079208374,0.522144079208374,4.233058452606201,0.0
8089,3727.912109375,0.0,2442.0,2002.0,2044.0,0.5221550464630127,0.5221550464630127,0.5221550464630127,4.235152721405029,0.0
8093,3727.912109375,0.0,2034.0,1922.0,1870.0,0.5221659541130066,0.5221659541130066,0.5221659541130066,4.237246990203857,0.0
8097,3727.912109375,0.0,2231.0,1871.0,1753.0,0.5221768617630005,0.5221768617630005,0.5221768617630005,4.2393412590026855,0.0
8101,3727.912109375,0.0,2436.0,1913.0,1935.0,0.5221878290176392,0.5221878290176392,0.5221878290176392,4.241435527801514,0.0
8105,3727.912109375,0.0,2442.0,2001.0,2042.0,0.5221987366676331,0.5221987366676331,0.5221987366676331,4.243529796600342,0.0
8109,3727.912109375,0.0,2234.0,1871.0,1753.0,0.5222097039222717,0.5222097039222717,0.5222097039222717,4.24562406539917,0.0
8113,3727.912109375,0.0,2441.0,1914.0,1937.0,0.5222206115722656,0.5222206115722656,0.5222206115722656,4.247718334197998,0.0
8117,3727.912109375,0.0,2421.0,2009.0,2052.0,0.5222315788269043,0.5222315788269043,0.5222315788269043,4.249812602996826,0.0
8121,3727.912109375,0.0,2046.0,1920.0,1864.0,0.5222424864768982,0.5222424864768982,0.5222424864768982,4.251906871795654,0.0
8125,3727.912109375,0.0,2262.0,1861.0,1746.0,0.5222534537315369,0.5222534537315369,0.5222534537315369,4.254001140594482,0.0
8129,3727.912109375,0.0,2448.0,1910.0,1934.0,0.5222643613815308,0.5222643613815308,0.5222643613815308,4.2560954093933105,0.0
8133,3727.912109375,0.0,2021.0,1924.0,1872.0,0.5222753286361694,0.5222753286361694,0.5222753286361694,4.258189678192139,0.0
8137,3727.912109375,0.0,2228.0,1872.0,1755.0,0.5222862362861633,0.5222862362861633,0.5222862362861633,4.260283946990967,0.0
8141,3727.912109375,0.0,2448.0,1914.0,1931.0,0.522297203540802,0.522297203540802,0.522297203540802,4.262378215789795,0.0
8145,3727.912109375,0.0,2434.0,2005.0,2049.0,0.5223081111907959,0.5223081111907959,0.5223081111907959,4.264472484588623,0.0
8149,3727.912109375,0.0,2024.0,1923.0,1869.0,0.5223190784454346,0.5223190784454346,0.5223190784454346,4.266566753387451,0.0
8153,3727.912109375,0.0,2233.0,1871.0,1749.0,0.5223299860954285,0.5223299860954285,0.5223299860954285,4.268661022186279,0.0
8157,3727.912109375,0.0,2437.0,1911.0,1933.0,0.5223408937454224,0.5223408937454224,0.5223408937454224,4.270755290985107,0.0
8161,3727.912109375,0.0,2022.0,1925.0,1867.0,0.522351861000061,0.522351861000061,0.522351861000061,4.2728495597839355,0.0
8165,3727.912109375,0.0,2242.0,1872.0,1753.0,0.5223627686500549,0.5223627686500549,0.5223627686500549,4.274943828582764,0.0
8169,3727.912109375,0.0,2435.0,1917.0,1931.0,0.5223737359046936,0.5223737359046936,0.5223737359046936,4.277038097381592,0.0
8173,3727.912109375,0.0,2440.0,2000.0,2043.0,0.5223846435546875,0.5223846435546875,0.5223846435546875,4.27913236618042,0.0
8177,3727.912109375,0.0,2026.0,1921.0,1869.0,0.5223956108093262,0.5223956108093262,0.5223956108093262,4.281226634979248,0.0
8181,3727.912109375,0.0,2274.0,1872.0,1754.0,0.5224065184593201,0.5224065184593201,0.5224065184593201,4.283320903778076,0.0
8185,3727.912109375,0.0,2448.0,1918.0,1940.0,0.5224174857139587,0.5224174857139587,0.5224174857139587,4.285415172576904,0.0
8189,3727.912109375,0.0,2026.0,1910.0,1864.0,0.5224283933639526,0.5224283933639526,0.5224283933639526,4.287509441375732,0.0
8193,3727.912109375,0.0,2240.0,1870.0,1748.0,0.5224393606185913,0.5224393606185913,0.5224393606185913,4.2896037101745605,0.0
8197,3727.912109375,0.0,2446.0,1920.0,1944.0,0.5224502682685852,0.5224502682685852,0.5224502682685852,4.291697978973389,0.0
8201,3727.912109375,0.0,2434.0,2000.0,2039.0,0.5224611759185791,0.5224611759185791,0.5224611759185791,4.293792247772217,0.0
8205,3727.912109375,0.0,2021.0,1920.0,1866.0,0.5224721431732178,0.5224721431732178,0.5224721431732178,4.295886516571045,0.0
8209,3727.912109375,0.0,2234.0,1871.0,1753.0,0.5224830508232117,0.5224830508232117,0.5224830508232117,4.297980785369873,0.0
8213,3727.912109375,0.0,2435.0,1919.0,1939.0,0.5224940180778503,0.5224940180778503,0.5224940180778503,4.300075054168701,0.0
8217,3727.912109375,0.0,2032.0,1927.0,1871.0,0.5225049257278442,0.5225049257278442,0.5225049257278442,4.302169322967529,0.0
8221,3727.912109375,0.0,2237.0,1873.0,1754.0,0.5225158929824829,0.5225158929824829,0.5225158929824829,4.304263591766357,0.0
8225,3727.912109375,0.0,2444.0,1916.0,1933.0,0.5225268006324768,0.5225268006324768,0.5225268006324768,4.3063578605651855,0.0
8229,3727.912109375,0.0,2446.0,2000.0,2042.0,0.5225377678871155,0.5225377678871155,0.5225377678871155,4.308452129364014,0.0
8233,3727.912109375,0.0,2028.0,1920.0,1868.0,0.5225486755371094,0.5225486755371094,0.5225486755371094,4.310546398162842,0.0
8237,3727.912109375,0.0,2254.0,1872.0,1752.0,0.522559642791748,0.522559642791748,0.522559642791748,4.31264066696167,0.0
8241,3727.912109375,0.0,2437.0,1915.0,1931.0,0.5225705504417419,0.5225705504417419,0.5225705504417419,4.314734935760498,0.0
8245,3727.912109375,0.0,2022.0,1923.0,1869.0,0.5225814580917358,0.5225814580917358,0.5225814580917358,4.316829204559326,0.0
8249,3727.912109375,0.0,2231.0,1860.0,1741.0,0.5225924253463745,0.5225924253463745,0.5225924253463745,4.318923473358154,0.0
8253,3727.912109375,0.0,2439.0,1912.0,1932.0,0.5226033329963684,0.5226033329963684,0.5226033329963684,4.321017742156982,0.0
8257,3727.912109375,0.0,2438.0,2000.0,2043.0,0.5226143002510071,0.5226143002510071,0.5226143002510071,4.3231120109558105,0.0
8261,3727.912109375,0.0,2028.0,1909.0,1865.0,0.522625207901001,0.522625207901001,0.522625207901001,4.325206279754639,0.0
8265,3727.912109375,0.0,2232.0,1861.0,1747.0,0.5226361751556396,0.5226361751556396,0.5226361751556396,4.327300548553467,0.0
8269,3727.912109375,0.0,2441.0,1914.0,1932.0,0.5226470828056335,0.5226470828056335,0.5226470828056335,4.329394817352295,0.0
8273,3727.912109375,0.0,2023.0,1921.0,1870.0,0.5226580500602722,0.5226580500602722,0.5226580500602722,4.331489086151123,0.0
8277,3727.912109375,0.0,2242.0,1872.0,1752.0,0.5226689577102661,0.5226689577102661,0.5226689577102661,4.333583354949951,0.0
8281,3727.912109375,0.0,2444.0,1917.0,1933.0,0.5226799249649048,0.5226799249649048,0.5226799249649048,4.335677623748779,0.0
8285,3727.912109375,0.0,2441.0,1992.0,2036.0,0.5226908326148987,0.5226908326148987,0.5226908326148987,4.337771892547607,0.0
8289,3727.912109375,0.0,2034.0,1922.0,1868.0,0.5227017402648926,0.5227017402648926,0.5227017402648926,4.3398661613464355,0.0
8293,3727.912109375,0.0,2231.0,1873.0,1751.0,0.5227127075195312,0.5227127075195312,0.5227127075195312,4.341960430145264,0.0
8297,3727.912109375,0.0,2446.0,1998.0,2042.0,0.5227236151695251,0.5227236151695251,0.5227236151695251,4.344054698944092,0.0
8301,3727.912109375,0.0,2025.0,1920.0,1869.0,0.5227345824241638,0.5227345824241638,0.5227345824241638,4.34614896774292,0.0
8305,3727.912109375,0.0,2230.0,1869.0,1752.0,0.5227454900741577,0.5227454900741577,0.5227454900741577,4.348243236541748,0.0
8309,3727.912109375,0.0,2436.0,1916.0,1928.0,0.5227564573287964,0.5227564573287964,0.5227564573287964,4.350337505340576,0.0
8313,3727.912109375,0.0,2438.0,1998.0,2042.0,0.5227673649787903,0.5227673649787903,0.5227673649787903,4.352431774139404,0.0
8317,3727.912109375,0.0,2033.0,1921.0,1869.0,0.5227782726287842,0.5227782726287842,0.5227782726287842,4.354526042938232,0.0
8321,3727.912109375,0.0,2229.0,1869.0,1750.0,0.5227892398834229,0.5227892398834229,0.5227892398834229,4.3566203117370605,0.0
8325,3727.912109375,0.0,2443.0,2000.0,2043.0,0.5228001475334167,0.5228001475334167,0.5228001475334167,4.358714580535889,0.0
8329,3727.912109375,0.0,2028.0,1920.0,1867.0,0.5228111147880554,0.5228111147880554,0.5228111147880554,4.360808849334717,0.0
8333,3727.912109375,0.0,2236.0,1874.0,1757.0,0.5228220224380493,0.5228220224380493,0.5228220224380493,4.362903118133545,0.0
8337,3727.912109375,0.0,2437.0,1911.0,1933.0,0.522832989692688,0.522832989692688,0.522832989692688,4.364997386932373,0.0
8341,3727.912109375,0.0,2442.0,1997.0,2041.0,0.5228438973426819,0.5228438973426819,0.5228438973426819,4.367091655731201,0.0
8345,3727.912109375,0.0,2017.0,1920.0,1872.0,0.5228548645973206,0.5228548645973206,0.5228548645973206,4.369185924530029,0.0
8349,3727.912109375,0.0,2242.0,1873.0,1753.0,0.5228657722473145,0.5228657722473145,0.5228657722473145,4.371280193328857,0.0
8353,3727.912109375,0.0,2437.0,1998.0,2039.0,0.5228766798973083,0.5228766798973083,0.5228766798973083,4.3733744621276855,0.0
8357,3727.912109375,0.0,2026.0,1918.0,1868.0,0.522887647151947,0.522887647151947,0.522887647151947,4.375468730926514,0.0
8361,3727.912109375,0.0,2222.0,1873.0,1753.0,0.5228985548019409,0.5228985548019409,0.5228985548019409,4.377562999725342,0.0
8365,3727.912109375,0.0,2434.0,1911.0,1927.0,0.5229095220565796,0.5229095220565796,0.5229095220565796,4.37965726852417,0.0
8369,3727.912109375,0.0,2428.0,1997.0,2043.0,0.5229204297065735,0.5229204297065735,0.5229204297065735,4.381751537322998,0.0
8373,3727.912109375,0.0,2026.0,1921.0,1869.0,0.5229313969612122,0.5229313969612122,0.5229313969612122,4.383845806121826,0.0
8377,3727.912109375,0.0,2232.0,1870.0,1752.0,0.522942304611206,0.522942304611206,0.522942304611206,4.385940074920654,0.0
8381,3727.912109375,0.0,2429.0,2001.0,2048.0,0.5229532122612,0.5229532122612,0.5229532122612,4.388034343719482,0.0
8385,3727.912109375,0.0,2014.0,1926.0,1872.0,0.5229641795158386,0.5229641795158386,0.5229641795158386,4.3901286125183105,0.0
8389,3727.912109375,0.0,2225.0,1873.0,1754.0,0.5229750871658325,0.5229750871658325,0.5229750871658325,4.392222881317139,0.0
8393,3727.912109375,0.0,2434.0,1905.0,1920.0,0.5229860544204712,0.5229860544204712,0.5229860544204712,4.394317150115967,0.0
8397,3727.912109375,0.0,2450.0,2000.0,2043.0,0.5229969620704651,0.5229969620704651,0.5229969620704651,4.396411418914795,0.0
8401,3727.912109375,0.0,2011.0,1921.0,1869.0,0.5230079293251038,0.5230079293251038,0.5230079293251038,4.398505687713623,0.0
8405,3727.912109375,0.0,2238.0,1872.0,1751.0,0.5230188369750977,0.5230188369750977,0.5230188369750977,4.400599956512451,0.0
8409,3727.912109375,0.0,2440.0,2001.0,2040.0,0.5230297446250916,0.5230297446250916,0.5230297446250916,4.402694225311279,0.0
8413,3727.912109375,0.0,2024.0,1909.0,1863.0,0.5230407118797302,0.5230407118797302,0.5230407118797302,4.404788494110107,0.0
8417,3727.912109375,0.0,2242.0,1873.0,1751.0,0.5230516195297241,0.5230516195297241,0.5230516195297241,4.4068827629089355,0.0
8421,3727.912109375,0.0,2432.0,1910.0,1926.0,0.5230625867843628,0.5230625867843628,0.5230625867843628,4.408977031707764,0.0
8425,3727.912109375,0.0,2424.0,1999.0,2039.0,0.5230734944343567,0.5230734944343567,0.5230734944343567,4.411071300506592,0.0
8429,3727.912109375,0.0,2032.0,1919.0,1868.0,0.5230844616889954,0.5230844616889954,0.5230844616889954,4.41316556930542,0.0
8433,3727.912109375,0.0,2446.0,1919.0,1945.0,0.5230953693389893,0.5230953693389893,0.5230953693389893,4.415259838104248,0.0
8441,3727.912109375,0.0,2033.0,1921.0,1869.0,0.5231172442436218,0.5231172442436218,0.5231172442436218,4.419448375701904,0.0
8445,3727.912109375,0.0,2239.0,1873.0,1751.0,0.5231281518936157,0.5231281518936157,0.5231281518936157,4.421542644500732,0.0
8449,3727.912109375,0.0,2442.0,1917.0,1941.0,0.5231391191482544,0.5231391191482544,0.5231391191482544,4.4236369132995605,0.0
8453,3727.912109375,0.0,2436.0,1998.0,2043.0,0.5231500267982483,0.5231500267982483,0.5231500267982483,4.425731182098389,0.0
8457,3727.912109375,0.0,2014.0,1921.0,1868.0,0.523160994052887,0.523160994052887,0.523160994052887,4.427825450897217,0.0
8461,3727.912109375,0.0,2443.0,1905.0,1922.0,0.5231719017028809,0.5231719017028809,0.5231719017028809,4.429919719696045,0.0
8465,3727.912109375,0.0,2434.0,1998.0,2044.0,0.5231828093528748,0.5231828093528748,0.5231828093528748,4.432013988494873,0.0
8469,3727.912109375,0.0,2032.0,1924.0,1870.0,0.5231937766075134,0.5231937766075134,0.5231937766075134,4.434108257293701,0.0
8473,3727.912109375,0.0,2240.0,1877.0,1756.0,0.5232046842575073,0.5232046842575073,0.5232046842575073,4.436202526092529,0.0
8477,3727.912109375,0.0,2442.0,1914.0,1929.0,0.523215651512146,0.523215651512146,0.523215651512146,4.438296794891357,0.0
8481,3727.912109375,0.0,2426.0,2001.0,2045.0,0.5232265591621399,0.5232265591621399,0.5232265591621399,4.4403910636901855,0.0
8485,3727.912109375,0.0,2028.0,1921.0,1867.0,0.5232375264167786,0.5232375264167786,0.5232375264167786,4.442485332489014,0.0
8489,3727.912109375,0.0,2443.0,1909.0,1936.0,0.5232484340667725,0.5232484340667725,0.5232484340667725,4.444579601287842,0.0
8493,3727.912109375,0.0,2428.0,2003.0,2046.0,0.5232593417167664,0.5232593417167664,0.5232593417167664,4.44667387008667,0.0
8497,3727.912109375,0.0,2035.0,1922.0,1870.0,0.523270308971405,0.523270308971405,0.523270308971405,4.448768138885498,0.0
8501,3727.912109375,0.0,2223.0,1870.0,1749.0,0.5232812166213989,0.5232812166213989,0.5232812166213989,4.450862407684326,0.0
8505,3727.912109375,0.0,2452.0,1914.0,1930.0,0.5232921838760376,0.5232921838760376,0.5232921838760376,4.452956676483154,0.0
8509,3727.912109375,0.0,2440.0,1996.0,2040.0,0.5233030915260315,0.5233030915260315,0.5233030915260315,4.455050945281982,0.0
8513,3727.912109375,0.0,2016.0,1931.0,1875.0,0.5233139991760254,0.5233139991760254,0.5233139991760254,4.4571452140808105,0.0
8517,3727.912109375,0.0,2444.0,1914.0,1935.0,0.5233249664306641,0.5233249664306641,0.5233249664306641,4.459239482879639,0.0
8521,3727.912109375,0.0,2449.0,2001.0,2041.0,0.523335874080658,0.523335874080658,0.523335874080658,4.461333751678467,0.0
8525,3727.912109375,0.0,2026.0,1920.0,1869.0,0.5233468413352966,0.5233468413352966,0.5233468413352966,4.463428020477295,0.0
8529,3727.912109375,0.0,2227.0,1872.0,1752.0,0.5233577489852905,0.5233577489852905,0.5233577489852905,4.465522289276123,0.0
8533,3727.912109375,0.0,2433.0,1901.0,1920.0,0.5233687162399292,0.5233687162399292,0.5233687162399292,4.467616558074951,0.0
8537,3727.912109375,0.0,2448.0,1999.0,2040.0,0.5233796238899231,0.5233796238899231,0.5233796238899231,4.469710826873779,0.0
8541,3727.912109375,0.0,2022.0,1920.0,1868.0,0.523390531539917,0.523390531539917,0.523390531539917,4.471805095672607,0.0
8545,3727.912109375,0.0,2439.0,1910.0,1926.0,0.5234014987945557,0.5234014987945557,0.5234014987945557,4.4738993644714355,0.0
8549,3727.912109375,0.0,2434.0,2005.0,2049.0,0.5234124064445496,0.5234124064445496,0.5234124064445496,4.475993633270264,0.0
8553,3727.912109375,0.0,2034.0,1922.0,1868.0,0.5234233736991882,0.5234233736991882,0.5234233736991882,4.478087902069092,0.0
8557,3727.912109375,0.0,2235.0,1873.0,1753.0,0.5234342813491821,0.5234342813491821,0.5234342813491821,4.48018217086792,0.0
8561,3727.912109375,0.0,2442.0,1910.0,1925.0,0.523445188999176,0.523445188999176,0.523445188999176,4.482276439666748,0.0
8565,3727.912109375,0.0,2439.0,1999.0,2042.0,0.5234561562538147,0.5234561562538147,0.5234561562538147,4.484370708465576,0.0
8569,3727.912109375,0.0,2017.0,1919.0,1867.0,0.5234670639038086,0.5234670639038086,0.5234670639038086,4.486464977264404,0.0
8573,3727.912109375,0.0,2437.0,1910.0,1926.0,0.5234780311584473,0.5234780311584473,0.5234780311584473,4.488559246063232,0.0
8577,3727.912109375,0.0,2444.0,2003.0,2048.0,0.5234889388084412,0.5234889388084412,0.5234889388084412,4.4906535148620605,0.0
8581,3727.912109375,0.0,2036.0,1921.0,1870.0,0.5234998464584351,0.5234998464584351,0.5234998464584351,4.492747783660889,0.0
8585,3727.912109375,0.0,2246.0,1872.0,1752.0,0.5235108137130737,0.5235108137130737,0.5235108137130737,4.494842052459717,0.0
8589,3727.912109375,0.0,2444.0,1913.0,1939.0,0.5235217213630676,0.5235217213630676,0.5235217213630676,4.496936321258545,0.0
8593,3727.912109375,0.0,2428.0,2001.0,2043.0,0.5235326886177063,0.5235326886177063,0.5235326886177063,4.499030590057373,0.0
8597,3727.912109375,0.0,2241.0,1878.0,1753.0,0.5235435962677002,0.5235435962677002,0.5235435962677002,4.501124858856201,0.0
8601,3727.912109375,0.0,2434.0,1917.0,1932.0,0.5235545635223389,0.5235545635223389,0.5235545635223389,4.503219127655029,0.0
8605,3727.912109375,0.0,2439.0,2003.0,2043.0,0.5235654711723328,0.5235654711723328,0.5235654711723328,4.505313396453857,0.0
8609,3727.912109375,0.0,2028.0,1922.0,1869.0,0.5235763788223267,0.5235763788223267,0.5235763788223267,4.5074076652526855,0.0
8613,3727.912109375,0.0,2238.0,1869.0,1749.0,0.5235873460769653,0.5235873460769653,0.5235873460769653,4.509501934051514,0.0
8617,3727.912109375,0.0,2441.0,1914.0,1932.0,0.5235982537269592,0.5235982537269592,0.5235982537269592,4.511596202850342,0.0
8621,3727.912109375,0.0,2438.0,1999.0,2041.0,0.5236091613769531,0.5236091613769531,0.5236091613769531,4.51369047164917,0.0
8625,3727.912109375,0.0,2213.0,1875.0,1755.0,0.5236201286315918,0.5236201286315918,0.5236201286315918,4.515784740447998,0.0
8629,3727.912109375,0.0,2438.0,1915.0,1938.0,0.5236310362815857,0.5236310362815857,0.5236310362815857,4.517879009246826,0.0
8633,3727.912109375,0.0,2429.0,2001.0,2045.0,0.5236420035362244,0.5236420035362244,0.5236420035362244,4.519973278045654,0.0
8637,3727.912109375,0.0,2038.0,1922.0,1871.0,0.5236529111862183,0.5236529111862183,0.5236529111862183,4.522067546844482,0.0
8641,3727.912109375,0.0,2238.0,1874.0,1754.0,0.5236638188362122,0.5236638188362122,0.5236638188362122,4.5241618156433105,0.0
8645,3727.912109375,0.0,2440.0,1915.0,1936.0,0.5236747860908508,0.5236747860908508,0.5236747860908508,4.526256084442139,0.0
8649,3727.912109375,0.0,2428.0,2003.0,2048.0,0.5236856937408447,0.5236856937408447,0.5236856937408447,4.528350353240967,0.0
8653,3727.912109375,0.0,2242.0,1872.0,1750.0,0.5236966609954834,0.5236966609954834,0.5236966609954834,4.530444622039795,0.0
8657,3727.912109375,0.0,2445.0,1920.0,1940.0,0.5237075686454773,0.5237075686454773,0.5237075686454773,4.532538890838623,0.0
8661,3727.912109375,0.0,2442.0,2000.0,2046.0,0.5237184762954712,0.5237184762954712,0.5237184762954712,4.534633159637451,0.0
8665,3727.912109375,0.0,2027.0,1921.0,1869.0,0.5237294435501099,0.5237294435501099,0.5237294435501099,4.536727428436279,0.0
8669,3727.912109375,0.0,2246.0,1873.0,1755.0,0.5237403512001038,0.5237403512001038,0.5237403512001038,4.538821697235107,0.0
8673,3727.912109375,0.0,2442.0,1911.0,1931.0,0.5237513184547424,0.5237513184547424,0.5237513184547424,4.5409159660339355,0.0
8677,3727.912109375,0.0,2428.0,2002.0,2043.0,0.5237622261047363,0.5237622261047363,0.5237622261047363,4.543010234832764,0.0
8681,3727.912109375,0.0,2228.0,1872.0,1753.0,0.5237731337547302,0.5237731337547302,0.5237731337547302,4.545104503631592,0.0
8685,3727.912109375,0.0,2447.0,1915.0,1938.0,0.5237841010093689,0.5237841010093689,0.5237841010093689,4.54719877243042,0.0
8689,3727.912109375,0.0,2428.0,1997.0,2045.0,0.5237950086593628,0.5237950086593628,0.5237950086593628,4.549293041229248,0.0
8693,3727.912109375,0.0,2026.0,1924.0,1872.0,0.5238059759140015,0.5238059759140015,0.5238059759140015,4.551387310028076,0.0
8697,3727.912109375,0.0,2251.0,1870.0,1752.0,0.5238168835639954,0.5238168835639954,0.5238168835639954,4.553481578826904,0.0
8701,3727.912109375,0.0,2440.0,1914.0,1931.0,0.5238277912139893,0.5238277912139893,0.5238277912139893,4.555575847625732,0.0
8705,3727.912109375,0.0,2432.0,1999.0,2042.0,0.5238387584686279,0.5238387584686279,0.5238387584686279,4.5576701164245605,0.0
8709,3727.912109375,0.0,2225.0,1865.0,1745.0,0.5238496661186218,0.5238496661186218,0.5238496661186218,4.559764385223389,0.0
8713,3727.912109375,0.0,2454.0,1917.0,1943.0,0.5238606333732605,0.5238606333732605,0.5238606333732605,4.561858654022217,0.0
8717,3727.912109375,0.0,2440.0,2000.0,2041.0,0.5238715410232544,0.5238715410232544,0.5238715410232544,4.563952922821045,0.0
8721,3727.912109375,0.0,2034.0,1923.0,1872.0,0.5238824486732483,0.5238824486732483,0.5238824486732483,4.566047191619873,0.0
8725,3727.912109375,0.0,2244.0,1875.0,1753.0,0.523893415927887,0.523893415927887,0.523893415927887,4.568141460418701,0.0
8729,3727.912109375,0.0,2448.0,1915.0,1938.0,0.5239043235778809,0.5239043235778809,0.5239043235778809,4.570235729217529,0.0
8733,3727.912109375,0.0,2434.0,2005.0,2048.0,0.5239152908325195,0.5239152908325195,0.5239152908325195,4.572329998016357,0.0
8737,3727.912109375,0.0,2268.0,1876.0,1757.0,0.5239261984825134,0.5239261984825134,0.5239261984825134,4.5744242668151855,0.0
8741,3727.912109375,0.0,2456.0,1920.0,1940.0,0.5239371061325073,0.5239371061325073,0.5239371061325073,4.576518535614014,0.0
8745,3727.912109375,0.0,2442.0,2000.0,2043.0,0.523948073387146,0.523948073387146,0.523948073387146,4.578612804412842,0.0
8749,3727.912109375,0.0,2027.0,1922.0,1869.0,0.5239589810371399,0.5239589810371399,0.5239589810371399,4.58070707321167,0.0
8753,3727.912109375,0.0,2246.0,1873.0,1755.0,0.5239698886871338,0.5239698886871338,0.5239698886871338,4.582801342010498,0.0
8757,3727.912109375,0.0,2440.0,1911.0,1930.0,0.5239808559417725,0.5239808559417725,0.5239808559417725,4.584895610809326,0.0
8761,3727.912109375,0.0,2028.0,1921.0,1871.0,0.5239917635917664,0.5239917635917664,0.5239917635917664,4.586989879608154,0.0
8765,3727.912109375,0.0,2226.0,1874.0,1755.0,0.524002730846405,0.524002730846405,0.524002730846405,4.589084148406982,0.0
8769,3727.912109375,0.0,2432.0,1912.0,1926.0,0.5240136384963989,0.5240136384963989,0.5240136384963989,4.5911784172058105,0.0
8773,3727.912109375,0.0,2447.0,2000.0,2044.0,0.5240245461463928,0.5240245461463928,0.5240245461463928,4.593272686004639,0.0
8777,3727.912109375,0.0,2028.0,1927.0,1869.0,0.5240355134010315,0.5240355134010315,0.5240355134010315,4.595366954803467,0.0
8781,3727.912109375,0.0,2231.0,1874.0,1754.0,0.5240464210510254,0.5240464210510254,0.5240464210510254,4.597461223602295,0.0
8785,3727.912109375,0.0,2434.0,1915.0,1931.0,0.5240573287010193,0.5240573287010193,0.5240573287010193,4.599555492401123,0.0
8789,3727.912109375,0.0,2020.0,1920.0,1869.0,0.524068295955658,0.524068295955658,0.524068295955658,4.601649761199951,0.0
8793,3727.912109375,0.0,2236.0,1869.0,1750.0,0.5240792036056519,0.5240792036056519,0.5240792036056519,4.603744029998779,0.0
8797,3727.912109375,0.0,2442.0,1909.0,1929.0,0.5240901708602905,0.5240901708602905,0.5240901708602905,4.605838298797607,0.0
8801,3727.912109375,0.0,2444.0,2000.0,2041.0,0.5241010785102844,0.5241010785102844,0.5241010785102844,4.6079325675964355,0.0
8805,3727.912109375,0.0,2015.0,1911.0,1861.0,0.5241119861602783,0.5241119861602783,0.5241119861602783,4.610026836395264,0.0
8809,3727.912109375,0.0,2232.0,1872.0,1753.0,0.524122953414917,0.524122953414917,0.524122953414917,4.612121105194092,0.0
8813,3727.912109375,0.0,2430.0,1912.0,1930.0,0.5241338610649109,0.5241338610649109,0.5241338610649109,4.61421537399292,0.0
8817,3727.912109375,0.0,2026.0,1918.0,1867.0,0.5241447687149048,0.5241447687149048,0.5241447687149048,4.616309642791748,0.0
8821,3727.912109375,0.0,2249.0,1862.0,1746.0,0.5241557359695435,0.5241557359695435,0.5241557359695435,4.618403911590576,0.0
8825,3727.912109375,0.0,2438.0,1921.0,1942.0,0.5241666436195374,0.5241666436195374,0.5241666436195374,4.620498180389404,0.0
8829,3727.912109375,0.0,2440.0,2006.0,2049.0,0.524177610874176,0.524177610874176,0.524177610874176,4.622592449188232,0.0
8833,3727.912109375,0.0,2023.0,1921.0,1869.0,0.5241885185241699,0.5241885185241699,0.5241885185241699,4.6246867179870605,0.0
8837,3727.912109375,0.0,2250.0,1875.0,1755.0,0.5241994261741638,0.5241994261741638,0.5241994261741638,4.626780986785889,0.0
8841,3727.912109375,0.0,2440.0,1910.0,1932.0,0.5242103934288025,0.5242103934288025,0.5242103934288025,4.628875255584717,0.0
8845,3727.912109375,0.0,2030.0,1923.0,1872.0,0.5242213010787964,0.5242213010787964,0.5242213010787964,4.630969524383545,0.0
8849,3727.912109375,0.0,2230.0,1873.0,1753.0,0.5242322087287903,0.5242322087287903,0.5242322087287903,4.633063793182373,0.0
8853,3727.912109375,0.0,2432.0,1910.0,1930.0,0.524243175983429,0.524243175983429,0.524243175983429,4.635158061981201,0.0
8857,3727.912109375,0.0,2439.0,1998.0,2039.0,0.5242540836334229,0.5242540836334229,0.5242540836334229,4.637252330780029,0.0
8861,3727.912109375,0.0,2047.0,1922.0,1868.0,0.5242650508880615,0.5242650508880615,0.5242650508880615,4.639346599578857,0.0
8865,3727.912109375,0.0,2214.0,1873.0,1753.0,0.5242759585380554,0.5242759585380554,0.5242759585380554,4.6414408683776855,0.0
8869,3727.912109375,0.0,2440.0,1914.0,1932.0,0.5242868661880493,0.5242868661880493,0.5242868661880493,4.643535137176514,0.0
8873,3727.912109375,0.0,2021.0,1911.0,1861.0,0.524297833442688,0.524297833442688,0.524297833442688,4.645629405975342,0.0
8877,3727.912109375,0.0,2230.0,1879.0,1760.0,0.5243087410926819,0.5243087410926819,0.5243087410926819,4.64772367477417,0.0
8881,3727.912109375,0.0,2443.0,1914.0,1933.0,0.5243196487426758,0.5243196487426758,0.5243196487426758,4.649817943572998,0.0
8885,3727.912109375,0.0,2425.0,2004.0,2045.0,0.5243306159973145,0.5243306159973145,0.5243306159973145,4.651912212371826,0.0
8889,3727.912109375,0.0,2035.0,1921.0,1867.0,0.5243415236473083,0.5243415236473083,0.5243415236473083,4.654006481170654,0.0
8893,3727.912109375,0.0,2245.0,1871.0,1753.0,0.524352490901947,0.524352490901947,0.524352490901947,4.656100749969482,0.0
8897,3727.912109375,0.0,2426.0,2000.0,2048.0,0.5243633985519409,0.5243633985519409,0.5243633985519409,4.6581950187683105,0.0
8901,3727.912109375,0.0,2035.0,1922.0,1869.0,0.5243743062019348,0.5243743062019348,0.5243743062019348,4.660289287567139,0.0
8905,3727.912109375,0.0,2252.0,1872.0,1752.0,0.5243852734565735,0.5243852734565735,0.5243852734565735,4.662383556365967,0.0
8909,3727.912109375,0.0,2436.0,1929.0,1942.0,0.5243961811065674,0.5243961811065674,0.5243961811065674,4.664477825164795,0.0
8913,3727.912109375,0.0,2429.0,1999.0,2043.0,0.5244070887565613,0.5244070887565613,0.5244070887565613,4.666572093963623,0.0
8917,3727.912109375,0.0,2032.0,1921.0,1871.0,0.5244180560112,0.5244180560112,0.5244180560112,4.668666362762451,0.0
8921,3727.912109375,0.0,2224.0,1872.0,1749.0,0.5244289636611938,0.5244289636611938,0.5244289636611938,4.670760631561279,0.0
8925,3727.912109375,0.0,2432.0,1989.0,2037.0,0.5244398713111877,0.5244398713111877,0.5244398713111877,4.672854900360107,0.0
8929,3727.912109375,0.0,2029.0,1922.0,1868.0,0.5244508385658264,0.5244508385658264,0.5244508385658264,4.6749491691589355,0.0
8933,3727.912109375,0.0,2239.0,1874.0,1754.0,0.5244617462158203,0.5244617462158203,0.5244617462158203,4.677043437957764,0.0
8937,3727.912109375,0.0,2441.0,1916.0,1936.0,0.5244726538658142,0.5244726538658142,0.5244726538658142,4.679137706756592,0.0
8941,3727.912109375,0.0,2442.0,2000.0,2040.0,0.5244836211204529,0.5244836211204529,0.5244836211204529,4.68123197555542,0.0
8945,3727.912109375,0.0,2029.0,1920.0,1868.0,0.5244945287704468,0.5244945287704468,0.5244945287704468,4.683326244354248,0.0
8949,3727.912109375,0.0,2227.0,1873.0,1753.0,0.5245054960250854,0.5245054960250854,0.5245054960250854,4.685420513153076,0.0
8953,3727.912109375,0.0,2436.0,2005.0,2044.0,0.5245164036750793,0.5245164036750793,0.5245164036750793,4.687514781951904,0.0
8957,3727.912109375,0.0,2026.0,1933.0,1877.0,0.5245273113250732,0.5245273113250732,0.5245273113250732,4.689609050750732,0.0
8961,3727.912109375,0.0,2232.0,1872.0,1752.0,0.5245382785797119,0.5245382785797119,0.5245382785797119,4.6917033195495605,0.0
8965,3727.912109375,0.0,2438.0,1921.0,1940.0,0.5245491862297058,0.5245491862297058,0.5245491862297058,4.693797588348389,0.0
8969,3727.912109375,0.0,2438.0,2002.0,2045.0,0.5245600938796997,0.5245600938796997,0.5245600938796997,4.695891857147217,0.0
8973,3727.912109375,0.0,2029.0,1925.0,1867.0,0.5245710611343384,0.5245710611343384,0.5245710611343384,4.697986125946045,0.0
8977,3727.912109375,0.0,2243.0,1874.0,1754.0,0.5245819687843323,0.5245819687843323,0.5245819687843323,4.700080394744873,0.0
8981,3727.912109375,0.0,2438.0,1998.0,2038.0,0.5245928764343262,0.5245928764343262,0.5245928764343262,4.702174663543701,0.0
8985,3727.912109375,0.0,2020.0,1920.0,1868.0,0.5246038436889648,0.5246038436889648,0.5246038436889648,4.704268932342529,0.0
8989,3727.912109375,0.0,2234.0,1873.0,1752.0,0.5246147513389587,0.5246147513389587,0.5246147513389587,4.706363201141357,0.0
8993,3727.912109375,0.0,2440.0,1918.0,1935.0,0.5246256589889526,0.5246256589889526,0.5246256589889526,4.7084574699401855,0.0
8997,3727.912109375,0.0,2432.0,1998.0,2045.0,0.5246366262435913,0.5246366262435913,0.5246366262435913,4.710551738739014,0.0
9001,3727.912109375,0.0,2032.0,1922.0,1872.0,0.5246475338935852,0.5246475338935852,0.5246475338935852,4.712646007537842,0.0
9005,3727.912109375,0.0,2242.0,1872.0,1754.0,0.5246585011482239,0.5246585011482239,0.5246585011482239,4.71474027633667,0.0
9009,3727.912109375,0.0,2432.0,2000.0,2043.0,0.5246694087982178,0.5246694087982178,0.5246694087982178,4.716834545135498,0.0
9013,3727.912109375,0.0,2026.0,1921.0,1870.0,0.5246803164482117,0.5246803164482117,0.5246803164482117,4.718928813934326,0.0
9017,3727.912109375,0.0,2246.0,1876.0,1756.0,0.5246912837028503,0.5246912837028503,0.5246912837028503,4.721023082733154,0.0
9021,3727.912109375,0.0,2442.0,1919.0,1941.0,0.5247021913528442,0.5247021913528442,0.5247021913528442,4.723117351531982,0.0
9025,3727.912109375,0.0,2440.0,2004.0,2048.0,0.5247130990028381,0.5247130990028381,0.5247130990028381,4.7252116203308105,0.0
9029,3727.912109375,0.0,2020.0,1924.0,1871.0,0.5247240662574768,0.5247240662574768,0.5247240662574768,4.727305889129639,0.0
9033,3727.912109375,0.0,2242.0,1874.0,1755.0,0.5247349739074707,0.5247349739074707,0.5247349739074707,4.729400157928467,0.0
9037,3727.912109375,0.0,2446.0,2000.0,2048.0,0.5247458815574646,0.5247458815574646,0.5247458815574646,4.731494426727295,0.0
9041,3727.912109375,0.0,2029.0,1922.0,1867.0,0.5247568488121033,0.5247568488121033,0.5247568488121033,4.733588695526123,0.0
9045,3727.912109375,0.0,2247.0,1873.0,1751.0,0.5247677564620972,0.5247677564620972,0.5247677564620972,4.735682964324951,0.0
9049,3727.912109375,0.0,2450.0,1916.0,1940.0,0.5247786641120911,0.5247786641120911,0.5247786641120911,4.737777233123779,0.0
9053,3727.912109375,0.0,2440.0,2002.0,2043.0,0.5247896313667297,0.5247896313667297,0.5247896313667297,4.739871501922607,0.0
9057,3727.912109375,0.0,2034.0,1921.0,1868.0,0.5248005390167236,0.5248005390167236,0.5248005390167236,4.7419657707214355,0.0
9061,3727.912109375,0.0,2442.0,1911.0,1935.0,0.5248114466667175,0.5248114466667175,0.5248114466667175,4.744060039520264,0.0
9065,3727.912109375,0.0,2446.0,1990.0,2036.0,0.5248224139213562,0.5248224139213562,0.5248224139213562,4.746154308319092,0.0
9069,3727.912109375,0.0,2037.0,1923.0,1869.0,0.5248333215713501,0.5248333215713501,0.5248333215713501,4.74824857711792,0.0
9073,3727.912109375,0.0,2250.0,1871.0,1751.0,0.524844229221344,0.524844229221344,0.524844229221344,4.750342845916748,0.0
9077,3727.912109375,0.0,2434.0,1916.0,1933.0,0.5248551964759827,0.5248551964759827,0.5248551964759827,4.752437114715576,0.0
9081,3727.912109375,0.0,2437.0,2002.0,2043.0,0.5248661041259766,0.5248661041259766,0.5248661041259766,4.754531383514404,0.0
9085,3727.912109375,0.0,2039.0,1922.0,1869.0,0.5248770117759705,0.5248770117759705,0.5248770117759705,4.756625652313232,0.0
9089,3727.912109375,0.0,2448.0,1915.0,1942.0,0.5248879790306091,0.5248879790306091,0.5248879790306091,4.7587199211120605,0.0
9093,3727.912109375,0.0,2434.0,2002.0,2044.0,0.524898886680603,0.524898886680603,0.524898886680603,4.760814189910889,0.0
9097,3727.912109375,0.0,2022.0,1921.0,1867.0,0.5249097943305969,0.5249097943305969,0.5249097943305969,4.762908458709717,0.0
9101,3727.912109375,0.0,2246.0,1874.0,1754.0,0.5249207615852356,0.5249207615852356,0.5249207615852356,4.765002727508545,0.0
9105,3727.912109375,0.0,2435.0,1907.0,1923.0,0.5249316692352295,0.5249316692352295,0.5249316692352295,4.767096996307373,0.0
9109,3727.912109375,0.0,2440.0,2000.0,2043.0,0.5249425768852234,0.5249425768852234,0.5249425768852234,4.769191265106201,0.0
9113,3727.912109375,0.0,2032.0,1920.0,1870.0,0.5249535441398621,0.5249535441398621,0.5249535441398621,4.771285533905029,0.0
9117,3727.912109375,0.0,2439.0,1931.0,1944.0,0.524964451789856,0.524964451789856,0.524964451789856,4.773379802703857,0.0
9121,3727.912109375,0.0,2431.0,1999.0,2043.0,0.5249753594398499,0.5249753594398499,0.5249753594398499,4.7754740715026855,0.0
9125,3727.912109375,0.0,2034.0,1921.0,1867.0,0.5249863266944885,0.5249863266944885,0.5249863266944885,4.777568340301514,0.0
9129,3727.912109375,0.0,2246.0,1879.0,1754.0,0.5249972343444824,0.5249972343444824,0.5249972343444824,4.779662609100342,0.0
9133,3727.912109375,0.0,2454.0,1920.0,1946.0,0.5250081419944763,0.5250081419944763,0.5250081419944763,4.78175687789917,0.0
9137,3727.912109375,0.0,2446.0,2002.0,2048.0,0.525019109249115,0.525019109249115,0.525019109249115,4.783851146697998,0.0
9141,3727.912109375,0.0,2041.0,1920.0,1866.0,0.5250300168991089,0.5250300168991089,0.5250300168991089,4.785945415496826,0.0
9145,3727.912109375,0.0,2451.0,1923.0,1946.0,0.5250409245491028,0.5250409245491028,0.5250409245491028,4.788039684295654,0.0
9149,3727.912109375,0.0,2433.0,2000.0,2043.0,0.5250518918037415,0.5250518918037415,0.5250518918037415,4.790133953094482,0.0
9153,3727.912109375,0.0,2036.0,1923.0,1871.0,0.5250627994537354,0.5250627994537354,0.5250627994537354,4.7922282218933105,0.0
9157,3727.912109375,0.0,2248.0,1872.0,1754.0,0.5250737071037292,0.5250737071037292,0.5250737071037292,4.794322490692139,0.0
9161,3727.912109375,0.0,2443.0,1916.0,1937.0,0.5250846743583679,0.5250846743583679,0.5250846743583679,4.796416759490967,0.0
9165,3727.912109375,0.0,2439.0,2000.0,2041.0,0.5250955820083618,0.5250955820083618,0.5250955820083618,4.798511028289795,0.0
9169,3727.912109375,0.0,2033.0,1921.0,1873.0,0.5251064896583557,0.5251064896583557,0.5251064896583557,4.800605297088623,0.0
9173,3727.912109375,0.0,2447.0,1916.0,1937.0,0.5251174569129944,0.5251174569129944,0.5251174569129944,4.802699565887451,0.0
9177,3727.912109375,0.0,2438.0,2003.0,2048.0,0.5251283645629883,0.5251283645629883,0.5251283645629883,4.804793834686279,0.0
9181,3727.912109375,0.0,2034.0,1921.0,1869.0,0.5251392722129822,0.5251392722129822,0.5251392722129822,4.806888103485107,0.0
9185,3727.912109375,0.0,2260.0,1876.0,1752.0,0.5251502394676208,0.5251502394676208,0.5251502394676208,4.8089823722839355,0.0
9189,3727.912109375,0.0,2438.0,1913.0,1934.0,0.5251611471176147,0.5251611471176147,0.5251611471176147,4.811076641082764,0.0
9193,3727.912109375,0.0,2436.0,1997.0,2043.0,0.5251720547676086,0.5251720547676086,0.5251720547676086,4.813170909881592,0.0
9197,3727.912109375,0.0,2035.0,1924.0,1872.0,0.5251830220222473,0.5251830220222473,0.5251830220222473,4.81526517868042,0.0
9201,3727.912109375,0.0,2460.0,1917.0,1934.0,0.5251939296722412,0.5251939296722412,0.5251939296722412,4.817359447479248,0.0
9205,3727.912109375,0.0,2435.0,2001.0,2042.0,0.5252048373222351,0.5252048373222351,0.5252048373222351,4.819453716278076,0.0
9209,3727.912109375,0.0,2034.0,1923.0,1871.0,0.5252158045768738,0.5252158045768738,0.5252158045768738,4.821547985076904,0.0
9213,3727.912109375,0.0,2244.0,1876.0,1756.0,0.5252267122268677,0.5252267122268677,0.5252267122268677,4.823642253875732,0.0
9217,3727.912109375,0.0,2424.0,1914.0,1933.0,0.5252376198768616,0.5252376198768616,0.5252376198768616,4.8257365226745605,0.0
9221,3727.912109375,0.0,2442.0,1999.0,2043.0,0.5252485871315002,0.5252485871315002,0.5252485871315002,4.827830791473389,0.0
9225,3727.912109375,0.0,2240.0,1866.0,1750.0,0.5252594947814941,0.5252594947814941,0.5252594947814941,4.829925060272217,0.0
9229,3727.912109375,0.0,2440.0,1912.0,1933.0,0.525270402431488,0.525270402431488,0.525270402431488,4.832019329071045,0.0
9233,3727.912109375,0.0,2439.0,2000.0,2042.0,0.5252813696861267,0.5252813696861267,0.5252813696861267,4.834113597869873,0.0
